"Last Name, First Name"
"Abbadi, Mohamed"
"Ackerman, Mark"
"Adar, Eytan"
"Amini, Elham"
"Andalibi, Nazanin"
"Balog, Kyle"
"Besprozvany, Vadim"
"Bhomia, Neha"
"Bilyeu, Cory"
"Borenstein, Nathaniel"
"Brewer, Robin"
"Brooks, Christopher"
"Budak, Ceren"
"Buis, Laurie"
"Card, Dallas"
"Chalmers, Melissa"
"Chen, Yan"
"Clark, Michael"
"Cohn, Alain"
"Collins-Thompson, Kevyn"
"Dhillon, Paramveer"
"Dillahunt, Tawanna"
"Doshi, Aalap"
"Eglash, Ron"
"Ellison, Nicole"
"Ericson, Barbara"
"Featherly-Bean, Winston"
"Fishman, Barry"
"Fontichiaro, Kristin"
"Frazier, Emma"
"Freed, Adam"
"Garcia, Patricia"
"Gilbert, Eric"
"Giove, Anthony"
"Godin, Elena"
"Haimson, Oliver"
"Hemphill, Libby"
"Hickok, Merve"
"Hogan, Lija"
"Hui, Julie"
"Hukill, Graham"
"Jacobs, Abigail"
"Josias, Anthea"
"Jurgens, David"
"Kim, Jinseok"
"Klasnja, Pedja"
"Krumme, Katherine"
"Krupka, Erin"
"Lafia, Sara"
"Lagoze, Carl"
"Lampe, Cliff"
"LeBlanc, Michelle"
"Levine, Melissa"
"Li, Linfeng"
"Lindtner, Silvia"
"Madamanchi, Bobby"
"Marcu, Gabriela"
"McCarley, Tonya"
"McLeod, Alex"
"Mei, Qiaozhu"
"Mullins, Benjamin"
"Nebeling, Michael"
"Nelson, Jeremy"
"O'Brien, Elle"
"O'Modhrain, Sile"
"Oney, Steve"
"Pal, Joyojeet"
"Pasquetto, Irene"
"Pierce, Casey"
"Rampton, James"
"Resnick, Paul"
"Robert, Lionel"
"Romero, Daniel"
"Rosenblat, Tanya"
"Sandvig, Christian"
"Schaub, Florian"
"Schoenebeck, Grant"
"Schoenebeck, Sarita"
"Severance, Charles"
"Sheltrown, Nick"
"Sung, Sharon"
"Tatman, Rachael"
"Teasley, Stephanie"
"TenBrink, D Scott"
"Teplitskiy, Misha"
"Teplovs, Chris"
"Tomkins, Sabina"
"Toyama, Kentaro"
"van Lent, Colleen"
"Veinot, Tiffany"
"Wei, Yumou"
"Whyte, Anthony"
"Wyatt, Rachel"
"Yakel, Elizabeth"
"Yang, X Jessie"
